address,company,position
北京,"
阿里
",垂直业务产品专家-北京 广州
杭州,"
阿里
",中台运营专家
杭州,"
阿里
",医学专家
杭州,"
阿里
",业务发展专家
杭州,"
阿里
",高级Java开发工程师-杭州
杭州,"
阿里
",高级业务发展专家
上海,"
阿里
",客服专员
上海,"
阿里
",资深java开发公司)
成都,"
阿里
",盒马鲜生-营销师傅
杭州,"
阿里
",区块链开发
北京,"
阿里
",路径规划算法
南京,"
阿里
",企业智能事业部-技术专家
杭州,"
阿里
",技术专家
北京,"
阿里
",大文娱优酷-创意设计专家
北京,"
阿里
",大文娱-高级前端开发工程师 前端专家-奥运项目
青岛,"
青岛新视点
",销售代表
上海,"
青岛达内，青岛达内科技，青岛达内软件
",运营支持经理
上海,"
青岛达内，青岛达内科技，青岛达内软件
",电话邀约电话客服
上海,"
青岛达内，青岛达内科技，青岛达内软件
",课程顾问主管经理
上海,"
青岛达内，青岛达内科技，青岛达内软件
",TMK 单双休 朝九晚六
上海,"
青岛达内，青岛达内科技，青岛达内软件
",上市公司 课程顾问 就近分配
青岛,"
青岛万科房地产有限公司
",片区营销负责人
青岛,"
青岛万科房地产有限公司
",项目营销负责人
乌鲁木齐,"
特锐德
",新疆大区营销经理
青岛,"
特锐德
",公司保安
青岛,"
特锐德
",安全工程师
青岛,"
特锐德
",土建工程师
青岛,"
特锐德
",营销经理-暖通方向
青岛,"
特锐德
",水暖工程师
青岛,"
特锐德
",工艺工程师
青岛,"
特锐德
",营销经理-新能源
青岛,"
特锐德
",机械结构设计工程师
青岛,"
特锐德
",储能系统工程师
青岛,"
特锐德
",工业设计工程师
青岛,"
特锐德
",工程电气专工
青岛,"
特锐德
",国际采购经理
青岛,"
特锐德
",商务支持
青岛,"
特锐德
",技术支持工程师
郑州,"
青岛啤酒
",促销员主管
西双版纳,"
青岛啤酒
",业务主管
红河,"
青岛啤酒
",业务主管
昭通,"
青岛啤酒
",业务主管
文山,"
青岛啤酒
",业务主管
普洱,"
青岛啤酒
",业务主管
昆明,"
青岛啤酒
",业务主管
德宏,"
青岛啤酒
",业务主管
曲靖,"
青岛啤酒
",业务主管
临沧,"
青岛啤酒
",业务主管
郑州,"
青岛啤酒
",销售经理
郑州,"
青岛啤酒
",销售主管
鄂尔多斯,"
青岛啤酒
",青岛啤酒业务代表
海口,"
青岛啤酒
",健康饮品运营管理专员
南宁,"
青岛啤酒
",销售管培生
青岛,"
北方互联
",Java实习生
青岛,"
北方互联
",电话销售
青岛,"
北方互联
",影视后期制作+双休
青岛,"
北方互联
",电话客服专员
青岛,"
北方互联
",新媒体运营专员
青岛,"
北方互联
",市场助理
青岛,"
北方互联
",JAVA开发工程师实习生
青岛,"
北方互联
",Java开发实习生
青岛,"
北方互联
",游戏开发工程师
青岛,"
北方互联
",视频剪辑
青岛,"
北方互联
",诚招后期特效实习生+双休
青岛,"
北方互联
",后期实习生+双休
青岛,"
北方互联
",影视后期制作
青岛,"
北方互联
",渠道销售经理
青岛,"
北方互联
",Java开发工程师可实习
青岛,"
海尔
",流程规划经理
青岛,"
海尔
",品牌维权经理
西安,"
海尔
",前端开发工程师
贵阳,"
海尔
",市场运营专员
大连,"
海尔
",销售储备管理人才
北京,"
海尔
",区域销售经理
上海,"
海尔
",区域销售经理
上海,"
海尔
",海尔空调生态店店长
青岛,"
海尔
",产品测试工程师
青岛,"
海尔
",COSMO订单交付经理
青岛,"
海尔
",招聘主管
青岛,"
海尔
",项目接口人
贵阳,"
海尔
",产品销售代表
南宁,"
海尔
",活动推广经理
青岛,"
海尔
",媒介经理
青岛,"
隆顺数据
",销售代表销售专员
青岛,"
隆顺数据
",人事 行政 文员
青岛,"
隆顺数据
",大数据ETL实训生
青岛,"
隆顺数据
",大数据etl工程师
青岛,"
隆顺数据
",大数据ETL零基础实训生
青岛,"
隆顺数据
",人事行政专员
青岛,"
隆顺数据
",实习生
青岛,"
隆顺数据
",ETL大数据工程师助理
青岛,"
隆顺数据
",数据分析实习
青岛,"
隆顺数据
",数据库工程师
青岛,"
隆顺数据
",信息技术专员
青岛,"
隆顺数据
",业务拓展专员 助理
青岛,"
隆顺数据
",人事助理
青岛,"
隆顺数据
",销售专员
青岛,"
隆顺数据
",招聘专员
青岛,"
青岛合一电商
",销售经理
青岛,"
青岛合一电商
",淘宝运营专员
青岛,"
青岛合一电商
",储备干部 电商储备主管
青岛,"
青岛合一电商
",销售精英 无责底薪4k+绩效+提成
青岛,"
青岛合一电商
",销售经理招商专员
青岛,"
青岛合一电商
",淘宝运营主管 储备主管
北京,"
正大集团
",技术团队助理
秦皇岛,"
正大集团
",会计
上海,"
正大集团
",患教经理
南京,"
正大集团
",患教经理
合肥,"
正大集团
",临床监查员
哈尔滨,"
正大集团
",临床监查员
青岛,"
正大集团
",人力资源管培生
呼和浩特,"
正大集团
",采购管理骨干
淮安,"
正大集团
",安全员
上海,"
正大集团
",法务经理
上海,"
正大集团
",总经理助理
上海,"
正大集团
",财务经理
九江,"
正大集团
",正大饲料销售精英
--,"
正大集团
",“正大杯”双创大赛主题曲作词征集报名
呼和浩特,"
正大集团
",技术服务代表
深圳,"
大疆
",后台开发工程师
北京,"
大疆
",软件测试工程师
北京,"
大疆
",旗舰店店长
北京,"
大疆
",旗舰店专员
深圳,"
大疆
",中高级前端开发工程师
北京,"
大疆
",Android开发工程师
深圳,"
大疆
",Unity开发工程师
深圳,"
大疆
",测试开发工程师
深圳,"
大疆
",产品运营专员
西安,"
大疆
",技术支持专员 助理
深圳,"
大疆
",市场实习生
深圳,"
大疆
",传感器工程师
上海,"
大疆
",媒体算法工程师
深圳,"
大疆
",APP测试专家
深圳,"
大疆
",射频工程师
深圳,"
乐有家
",乐有家 大专实习生6800起 营销储干
济南,"
乐有家
",销售实习生5100起+五险一金
南昌,"
乐有家
",南昌诚招行政专员底薪4k起+一年16薪
沈阳,"
乐有家
",诚招销售精英3500起+五险
深圳,"
乐有家
",高薪诚招未来总裁+五险一金
郑州,"
乐有家
",高薪销售代表
广州,"
乐有家
",实习生 广州房产销售  7200+五险+住宿
深圳,"
乐有家
",拓展 销售代表 可实习 提供住宿
深圳,"
乐有家
",地铁口+大学生团队管培生 销售经理
深圳,"
乐有家
",找工作 实习 无经验 来乐有家销售团队
深圳,"
乐有家
",福田销售营销管培生 住宿 五险一金 欢迎主动联系
深圳,"
乐有家
",龙岗房地产 本科7500+住宿
深圳,"
乐有家
",豪宅销售 年入百万不是梦
天津,"
乐有家
",2020届实习生  管培生 提供宿舍
天津,"
乐有家
",19年毕业换工作  0经验  欢迎挑战
上海,"
农银汇理
",某知名公募基金招聘驾驶员
深圳,"
恒大新能源
",数字化营销系统工程师
深圳,"
恒大新能源
",数字化营销系统经理
深圳,"
恒大新能源
",信息化建设
上海,"
恒大新能源
",紧固件工程师
深圳,"
恒大新能源
",装备技术
上海,"
恒大新能源
",电池热管理CFD仿真工程师-上海嘉定
上海,"
恒大新能源
",前悬架结构件主管工程师
广州,"
恒大新能源
",后悬结构件主管工程师
广州,"
恒大新能源
",悬架系统高级经理
广州,"
恒大新能源
",底盘电子经理
广州,"
恒大新能源
",样板车间电池工程师
深圳,"
恒大新能源
",CRM系统工程师
深圳,"
恒大新能源
",质量管理
广州,"
恒大新能源
",电池系统开发经理
深圳,"
恒大新能源
",瑞典语翻译
上海,"
网易
",War3平台产品经理
上海,"
网易
",资深游戏测试工程师
北京,"
网易
",网易云-微服务平台大客户销售经理
杭州,"
网易
",大数据产品大客户销售
杭州,"
网易
",云企课会销经理
广州,"
网易
",大数据资深销售经理
杭州,"
网易
",线上销售专员
广州,"
网易
",七鱼资深销售经理 - 杭州研究院822
北京,"
网易
",七鱼资深销售经理-杭州研究院822
杭州,"
网易
",七鱼资深销售经理-杭州研究院822
上海,"
网易
",渠道运营专员
广州,"
网易
",大数据平台开发工程师
广州,"
网易
",云平台运维工程师
杭州,"
网易
",前端开发工程师-网易云音乐
杭州,"
网易
",资深前端开发工程师
上海,"
B站，哔哩哔哩
",游戏运营
上海,"
B站，哔哩哔哩
",海外游戏运营-日本
上海,"
B站，哔哩哔哩
",高级PHP开发工程师
上海,"
B站，哔哩哔哩
",美术设计
上海,"
B站，哔哩哔哩
",市场投放
上海,"
B站，哔哩哔哩
",3D游戏特效师
上海,"
B站，哔哩哔哩
",资深供应链运营
上海,"
B站，哔哩哔哩
",游戏剧情文案策划
上海,"
B站，哔哩哔哩
",视频后期制作
上海,"
B站，哔哩哔哩
",舆情分析
上海,"
B站，哔哩哔哩
",ios开发工程师
上海,"
B站，哔哩哔哩
",资深开发工程 架构师
上海,"
B站，哔哩哔哩
",资深关卡策划
上海,"
B站，哔哩哔哩
",游戏项目管理
上海,"
B站，哔哩哔哩
",市场策划主管
重庆,"
三一重工
",质量工程师
长沙,"
三一重工
",网络工程师
长沙,"
三一重工
",SAP ABAP顾问
长沙,"
三一重工
",SAP CRM内部顾问
北京,"
三一重工
",前端开发工程师
北京,"
三一重工
",律师
湖州,"
三一重工
",资料工程师
苏州,"
三一重工
",嵌入式硬件工程师
北京,"
三一重工
",业务财务专员
沈阳,"
三一重工
",会计
长沙,"
三一重工
",会计
北京,"
三一重工
",会计
珠海,"
三一重工
",财务专员
长沙,"
三一重工
",BA工程师
长沙,"
三一重工
",审计专员
北京,"
腾讯
",32272-客厅业务商业分析师
深圳,"
腾讯
",腾讯教育产品ABCmouse英语社群运营销售专员
深圳,"
腾讯
",PCG15-互动视频iOS开发工程师
深圳,"
腾讯
",PCG15-互动视频web前端开发
深圳,"
腾讯
",微信支付高级技术架构工程师
深圳,"
腾讯
",C++后台工程师
北京,"
腾讯
",后台及数据开发高级工程师
深圳,"
腾讯
",海外游戏技术运营工程师
深圳,"
腾讯
",用户服务研究
深圳,"
腾讯
",PCG-UGC内容运营
深圳,"
腾讯
",岗位名称S2-高级测试工程师
深圳,"
腾讯
",S2-大数据开发高级工程师
深圳,"
腾讯
",大数据开发工程师
深圳,"
腾讯
",PCG10-NLP算法高级工程师
深圳,"
腾讯
",18432-通讯创新业务后台开发工程师
长春,"
字节跳动
",城市经理
成都,"
字节跳动
",资深数据产品经理
北京,"
字节跳动
",AI数据工程师
广州,"
字节跳动
",UI设计师
北京,"
字节跳动
",大数据leader
北京,"
字节跳动
",PC端C++开发工程师-飞书
北京,"
字节跳动
",互联网广告销售经理
北京,"
字节跳动
",销售代表
北京,"
字节跳动
",攻防演练安全负责人
北京,"
字节跳动
",用户产品经理-edu
北京,"
字节跳动
",国际行业安全战略专家
广州,"
字节跳动
",用户运营专员
海口,"
字节跳动
",用户运营专员
北京,"
字节跳动
",数据分析师-安全策略方向
北京,"
字节跳动
",企业号运营策划经理
青岛,"
青岛幸福感
",广告文案 文案策划 文案
青岛,"
青岛幸福感
",广告文案 文案策划 文案编辑
青岛,"
青岛幸福感
",网络销售 在线销售
青岛,"
青岛幸福感
",快手直播 主播网红
青岛,"
青岛幸福感
",*具幸福感企业 网络销售 在线销售
青岛,"
青岛幸福感
",6险1金 文案策划 广告文案
青岛,"
青岛幸福感
",6险1金 网络销售 在线销售
青岛,"
青岛幸福感
",6险1金 文案 广告文案 电商文案
青岛,"
青岛幸福感
",竞价主管 SEM主管 竞价经理
青岛,"
青岛幸福感
",抖音运营 短视频编剧
青岛,"
青岛幸福感
",抖音策划 短视频剪辑
青岛,"
青岛幸福感
",抖音编辑 短视频编导
青岛,"
青岛幸福感
",*具幸福感企业 资深文案 文案策划
青岛,"
青岛幸福感
",6险1金 快手直播 主持网红
青岛,"
青岛幸福感
",网络销售 销售
address,company,position
北京,"
阿里
",垂直业务产品专家-北京 广州
杭州,"
阿里
",中台运营专家
杭州,"
阿里
",医学专家
杭州,"
阿里
",业务发展专家
杭州,"
阿里
",高级Java开发工程师-杭州
杭州,"
阿里
",高级业务发展专家
上海,"
阿里
",客服专员
上海,"
阿里
",资深java开发公司)
成都,"
阿里
",盒马鲜生-营销师傅
杭州,"
阿里
",区块链开发
北京,"
阿里
",路径规划算法
南京,"
阿里
",企业智能事业部-技术专家
杭州,"
阿里
",技术专家
北京,"
阿里
",大文娱优酷-创意设计专家
北京,"
阿里
",大文娱-高级前端开发工程师 前端专家-奥运项目
西安,"
佑尊科技
",外贸运营
宝鸡,"
佑尊科技
",人事专员
西安,"
佑尊科技
",人力资源主管
西安,"
佑尊科技
",阿里巴巴国际站运营专员
西安,"
佑尊科技
",招聘跨境电商运营专员
西安,"
晔庆电子
",1w高薪诚聘销售精英+五险+旅游+包住
西安,"
晔庆电子
",销售主管
西安,"
晔庆电子
",销售管理培训生
西安,"
晔庆电子
",订单业务专员
西安,"
晔庆电子
",市场顾问
西安,"
晔庆电子
",1W聘出差专员公费+旅游
西安,"
晔庆电子
",高薪市场专员
西安,"
晔庆电子
",陌拜专员
西安,"
晔庆电子
",客户代表
西安,"
晔庆电子
",出差专员(3600底薪+提成+餐补+包住+旅游
西安,"
晔庆电子
",储备干部
西安,"
晔庆电子
",市场主管 团队经理
西安,"
晔庆电子
",营销主管
西安,"
晔庆电子
",企业直招人事
西安,"
晔庆电子
",销售助理
广州,"
西安鼎力
",C#开发
西安,"
西安鼎力
",人事专员
西安,"
西安鼎力
",人事经理
西安,"
西安鼎力
",JAVA开发工程师
北京,"
西安鼎力
",java大数据
西安,"
西安鼎力
",VB
北京,"
西安鼎力
",ETL数据开发
北京,"
西安鼎力
",etl
深圳,"
西安鼎力
",hrbp
西安,"
西安鼎力
",C++
深圳,"
西安鼎力
",c#
深圳,"
西安鼎力
",前端开发
武汉,"
西安鼎力
",项目助理
西安,"
西安鼎力
",.net开发工程师
西安,"
力成半导体
",工艺工程师
西安,"
力成半导体
",PQE工程师
西安,"
力成半导体
",生产技术员
西安,"
力成半导体
",质量品管主任
西安,"
力成半导体
",生产主任
西安,"
力成半导体
",设备工程师
西安,"
力成半导体
",软件开发工程师
西安,"
西安诺瓦星云科技股份有限公司
",产线线长
西安,"
西安诺瓦星云科技股份有限公司
",招聘专员
深圳,"
西安诺瓦星云科技股份有限公司
",商务助理-深圳
深圳,"
西安诺瓦星云科技股份有限公司
",技术支持工程师 FAE
深圳,"
西安诺瓦星云科技股份有限公司
",大客户销售经理-深圳
深圳,"
西安诺瓦星云科技股份有限公司
",应届毕业生 实习生--深圳
西安,"
西安诺瓦星云科技股份有限公司
",软件工程师
深圳,"
西安诺瓦星云科技股份有限公司
",仓库管理员--深圳
西安,"
西安诺瓦星云科技股份有限公司
",硬件测试工程师
西安,"
西安诺瓦星云科技股份有限公司
",产品运营工程师
西安,"
西安诺瓦星云科技股份有限公司
",高级嵌入式系统工程师
西安,"
西安诺瓦星云科技股份有限公司
",项目经理
西安,"
西安诺瓦星云科技股份有限公司
",资料开发工程师
西安,"
西安诺瓦星云科技股份有限公司
",仓库管理员
深圳,"
西安诺瓦星云科技股份有限公司
",仓库管理员
西安,"
立明电子
",硬件工程师
西安,"
立明电子
",售后安装人员
西安,"
立明电子
",人事专员
西安,"
立明电子
",人力资源经理
西安,"
立明电子
",外贸经理
西安,"
立明电子
",库房主管
西安,"
立明电子
",物料专员
西安,"
立明电子
",库房管理员
西安,"
立明电子
",总工程师
西安,"
立明电子
",司机
西安,"
立明电子
",厨师
西安,"
立明电子
",做饭师傅
西安,"
立明电子
",机加普工 装配普工 焊接普工
西安,"
立明电子
",水电工
西安,"
立明电子
",普工
西安,"
陕西云德
",实习律师
西安,"
陕西云德
",省级优秀律所诚招 实习律师
上海,"
西安杨森
",Scientist  Drug Product Development
湖州,"
西安杨森
",医药代表
绍兴,"
西安杨森
",医药代表
温州,"
西安杨森
",医药代表
宁波,"
西安杨森
",医药代表
天津,"
西安杨森
",医药代表
武汉,"
西安杨森
",医药代表
成都,"
西安杨森
",医药代表
北京,"
西安杨森
",医药代表
上海,"
西安杨森
",医药代表
北京,"
西安杨森
",Assistant-强生
北京,"
西安杨森
",高级医药代表
深圳,"
西安杨森
",特药销售代表
上海,"
西安杨森
",Business Quality  Manager
南昌,"
西安杨森
",西安杨森医药代表
西安,"
西安宜家
",视觉陈列师
西安,"
西安宜家
",业务调控经理 Business Navigation Manager
西安,"
西安宜家
",顾客关系部经理
西安,"
西安宜家
",顾客关系部主管
西安,"
西安宜家
",货物流转员工
西安,"
西安宜家
",货物流转
西安,"
西安宜家
",室内设计师
西安,"
西安宜家
",室内设计师助理-
西安,"
西安宜家
",全屋设计经理
西安,"
西安宜家
",厨师
西安,"
西安宜家
",餐饮部员工
西安,"
西安宜家
",餐厅经理
西安,"
西安宜家
",餐厅主管
西安,"
西安宜家
",厨房部主管
西安,"
西安宜家
",叉车工
西安,"
西安三星
",培训专员
西安,"
西安三星
",信息安全专员
西安,"
西安三星
",软件算法工程师
西安,"
西安三星
",AI系统架构师
西安,"
西安三星
",薪资绩效经理
西安,"
西安三星
",存储系统工程师
西安,"
西安三星
",招聘专员
西安,"
西安三星
",嵌入式软件开发工程师
西安,"
西安三星
",智能汽车嵌入式系统专家
西安,"
西安三星
",高级安全工程师
西安,"
西安三星
",指纹识别算法工程师
西安,"
西安三星
",资深算法工程师
西安,"
西安三星
",Software Engineer
西安,"
信泰电子
",CQE工程师
西安,"
信泰电子
",销售主管
西安,"
信泰电子
",设施工程师
西安,"
信泰电子
",安全员
深圳,"
大疆
",后台开发工程师
北京,"
大疆
",软件测试工程师
北京,"
大疆
",旗舰店店长
北京,"
大疆
",旗舰店专员
深圳,"
大疆
",中高级前端开发工程师
北京,"
大疆
",Android开发工程师
深圳,"
大疆
",Unity开发工程师
深圳,"
大疆
",测试开发工程师
深圳,"
大疆
",产品运营专员
西安,"
大疆
",技术支持专员 助理
深圳,"
大疆
",市场实习生
深圳,"
大疆
",传感器工程师
上海,"
大疆
",媒体算法工程师
深圳,"
大疆
",APP测试专家
深圳,"
大疆
",射频工程师
深圳,"
乐有家
",乐有家 大专实习生6800起 营销储干
济南,"
乐有家
",销售实习生5100起+五险一金
南昌,"
乐有家
",南昌诚招行政专员底薪4k起+一年16薪
沈阳,"
乐有家
",诚招销售精英3500起+五险
深圳,"
乐有家
",高薪诚招未来总裁+五险一金
郑州,"
乐有家
",高薪销售代表
广州,"
乐有家
",实习生 广州房产销售  7200+五险+住宿
深圳,"
乐有家
",拓展 销售代表 可实习 提供住宿
深圳,"
乐有家
",地铁口+大学生团队管培生 销售经理
深圳,"
乐有家
",找工作 实习 无经验 来乐有家销售团队
深圳,"
乐有家
",福田销售营销管培生 住宿 五险一金 欢迎主动联系
深圳,"
乐有家
",龙岗房地产 本科7500+住宿
深圳,"
乐有家
",豪宅销售 年入百万不是梦
天津,"
乐有家
",2020届实习生  管培生 提供宿舍
天津,"
乐有家
",19年毕业换工作  0经验  欢迎挑战
上海,"
农银汇理
",某知名公募基金招聘驾驶员
深圳,"
恒大新能源
",数字化营销系统工程师
深圳,"
恒大新能源
",数字化营销系统经理
深圳,"
恒大新能源
",信息化建设
上海,"
恒大新能源
",紧固件工程师
深圳,"
恒大新能源
",装备技术
上海,"
恒大新能源
",电池热管理CFD仿真工程师-上海嘉定
上海,"
恒大新能源
",前悬架结构件主管工程师
广州,"
恒大新能源
",后悬结构件主管工程师
广州,"
恒大新能源
",悬架系统高级经理
广州,"
恒大新能源
",底盘电子经理
广州,"
恒大新能源
",样板车间电池工程师
深圳,"
恒大新能源
",CRM系统工程师
深圳,"
恒大新能源
",质量管理
广州,"
恒大新能源
",电池系统开发经理
深圳,"
恒大新能源
",瑞典语翻译
上海,"
网易
",War3平台产品经理
上海,"
网易
",资深游戏测试工程师
北京,"
网易
",网易云-微服务平台大客户销售经理
杭州,"
网易
",大数据产品大客户销售
杭州,"
网易
",云企课会销经理
广州,"
网易
",大数据资深销售经理
杭州,"
网易
",线上销售专员
广州,"
网易
",七鱼资深销售经理 - 杭州研究院822
北京,"
网易
",七鱼资深销售经理-杭州研究院822
杭州,"
网易
",七鱼资深销售经理-杭州研究院822
上海,"
网易
",渠道运营专员
广州,"
网易
",大数据平台开发工程师
广州,"
网易
",云平台运维工程师
杭州,"
网易
",前端开发工程师-网易云音乐
杭州,"
网易
",资深前端开发工程师
上海,"
B站，哔哩哔哩
",游戏运营
上海,"
B站，哔哩哔哩
",海外游戏运营-日本
上海,"
B站，哔哩哔哩
",高级PHP开发工程师
上海,"
B站，哔哩哔哩
",美术设计
上海,"
B站，哔哩哔哩
",市场投放
上海,"
B站，哔哩哔哩
",3D游戏特效师
上海,"
B站，哔哩哔哩
",资深供应链运营
上海,"
B站，哔哩哔哩
",游戏剧情文案策划
上海,"
B站，哔哩哔哩
",视频后期制作
上海,"
B站，哔哩哔哩
",舆情分析
上海,"
B站，哔哩哔哩
",ios开发工程师
上海,"
B站，哔哩哔哩
",资深开发工程 架构师
上海,"
B站，哔哩哔哩
",资深关卡策划
上海,"
B站，哔哩哔哩
",游戏项目管理
上海,"
B站，哔哩哔哩
",市场策划主管
重庆,"
三一重工
",质量工程师
长沙,"
三一重工
",网络工程师
长沙,"
三一重工
",SAP ABAP顾问
长沙,"
三一重工
",SAP CRM内部顾问
北京,"
三一重工
",前端开发工程师
北京,"
三一重工
",律师
湖州,"
三一重工
",资料工程师
苏州,"
三一重工
",嵌入式硬件工程师
北京,"
三一重工
",业务财务专员
沈阳,"
三一重工
",会计
长沙,"
三一重工
",会计
北京,"
三一重工
",会计
珠海,"
三一重工
",财务专员
长沙,"
三一重工
",BA工程师
长沙,"
三一重工
",审计专员
北京,"
腾讯
",32272-客厅业务商业分析师
深圳,"
腾讯
",腾讯教育产品ABCmouse英语社群运营销售专员
深圳,"
腾讯
",PCG15-互动视频iOS开发工程师
深圳,"
腾讯
",PCG15-互动视频web前端开发
深圳,"
腾讯
",微信支付高级技术架构工程师
深圳,"
腾讯
",C++后台工程师
北京,"
腾讯
",后台及数据开发高级工程师
深圳,"
腾讯
",海外游戏技术运营工程师
深圳,"
腾讯
",用户服务研究
深圳,"
腾讯
",PCG-UGC内容运营
深圳,"
腾讯
",岗位名称S2-高级测试工程师
深圳,"
腾讯
",S2-大数据开发高级工程师
深圳,"
腾讯
",大数据开发工程师
深圳,"
腾讯
",PCG10-NLP算法高级工程师
深圳,"
腾讯
",18432-通讯创新业务后台开发工程师
长春,"
字节跳动
",城市经理
成都,"
字节跳动
",资深数据产品经理
北京,"
字节跳动
",AI数据工程师
广州,"
字节跳动
",UI设计师
北京,"
字节跳动
",大数据leader
北京,"
字节跳动
",PC端C++开发工程师-飞书
北京,"
字节跳动
",互联网广告销售经理
北京,"
字节跳动
",销售代表
北京,"
字节跳动
",攻防演练安全负责人
北京,"
字节跳动
",用户产品经理-edu
北京,"
字节跳动
",国际行业安全战略专家
广州,"
字节跳动
",用户运营专员
海口,"
字节跳动
",用户运营专员
北京,"
字节跳动
",数据分析师-安全策略方向
北京,"
字节跳动
",企业号运营策划经理
